L,Rm,Q,phi,Rct,Cdl,Rt,O2 stoi,J lim
6.004292007054003e-10,0.00251765522536272,4.110435876065522,0.7088403258631487,0.008536414568851,69.0144140286437,0.010744568146653621,1.5,11600
9.641268707047373e-09,0.0018981874341853502,6.029243641219705,0.9743685902872053,0.0057761114736779706,69.82595689002072,0.007793652938319445,1.5,11600
3.2899763889615993e-09,0.0015411698510238245,6.942261764270443,0.9720120471403322,0.007388618027974488,57.849894382844305,0.014486765905908038,1.5,11600
5.699385141580913e-10,0.001332334529343535,3.4102701993254305,0.9458987141146477,0.010054258708958555,79.31128008267899,0.007176573129622107,1.5,11600
3.988008792669148e-09,0.0013251893716954017,4.79970557500194,0.820648131444496,0.00706995887491086,68.24787665994432,0.007420758072583234,1.5,11600
9.682734593466313e-09,0.0022619827290693453,5.252009989639961,0.8215708757304447,0.009201224548229393,61.36866025024404,0.013870152011735666,1.5,11600
1.8453320569179765e-09,0.0023556514875939356,4.2063738522077125,0.7278789702364923,0.009590916434405407,65.44870224995122,0.008520672551080436,1.5,11600
3.1926621388475976e-09,0.0006458418097278594,5.630757710768449,0.9956170882600507,0.009225294134863905,76.58357184569617,0.01389291081135739,1.5,11600
8.323008925685188e-09,0.002710246156171554,4.845655460066014,0.8740354730519285,0.00936363778444906,58.24233101312861,0.01171899292203679,1.5,11600
3.348933900385143e-09,0.0012692645208790634,3.7919979675102815,0.9846897517607874,0.004697515074682828,53.026932762973935,0.009366124760321571,1.5,11600
7.477204750746848e-09,0.0009126051641864864,4.121035630633515,0.8997906635159276,0.008320868707078084,52.60601109978711,0.013463619204468478,1.5,11600
6.320443489777728e-09,0.002421020881441741,3.891597906729798,0.6565586385760197,0.010322730076983682,59.39917634924599,0.007648204773112933,1.5,11600
2.8136985454144704e-09,0.0021362748263647376,5.810221001710193,0.698053645022334,0.005233577807951264,52.55502089486732,0.014870539793794055,1.5,11600
5.545432214437406e-09,0.0019873028780460415,4.50924375218195,0.6875336680365335,0.00974677921788841,62.43667419618536,0.012915642040488999,1.5,11600
3.8447071588954085e-09,0.0010027694796532784,3.2965976149083036,0.8879767514603607,0.006139956317089513,62.55950965783958,0.014694886445831019,1.5,11600
8.725323782533335e-09,0.0024183760986204264,6.99120652376898,0.7756511817601301,0.006127580489778511,66.8296506927718,0.009442662375332802,1.5,11600
1.7059839241863243e-09,0.0004780120042180496,6.977609296530292,0.8589766579526407,0.00780231412088945,73.35456302668152,0.008521166981734465,1.5,11600
1.3822585327987855e-09,0.0011371667192525902,3.472128204391237,0.7446698182706744,0.00914157014339439,60.10908517403419,0.010764451629875792,1.5,11600
8.409731077697097e-09,0.0016985069550330078,6.330325427394815,0.9455741144564677,0.008697664884780399,59.6340005071578,0.008961858300759278,1.5,11600
9.267492763848746e-09,0.001397602573193822,2.9822319995580053,0.9753548899866982,0.007954150224782148,72.41312224930928,0.009093154703172032,1.5,11600
3.1800319172100365e-09,0.002231197162674631,2.829879694686711,0.7840778023329374,0.010392524944594677,74.22722363352281,0.007444070050150785,1.5,11600
6.296957763720587e-09,0.0009538341517806726,6.307209547748637,0.867396231046275,0.009130078156506549,78.19654918930304,0.011504378270338556,1.5,11600
8.343294631537882e-09,0.0028633442553740104,3.8266978562153575,0.7643061881140282,0.005342345984219366,63.40451011581806,0.0103734640861516,1.5,11600
5.404988716651659e-09,0.0014793257784618972,4.78792784019812,0.7091900725856262,0.007734253416792846,79.97388995681624,0.014326354873455915,1.5,11600
6.09399201927965e-09,0.0006281586306168247,3.881086569006968,0.6719579980833349,0.009299293909836755,78.1190977672211,0.011876529969869966,1.5,11600
8.511279521344402e-09,0.001277444331107877,6.893557439378963,0.8444171519134316,0.006308011409932811,71.09104569470291,0.012820230119416024,1.5,11600
7.2384390604210705e-09,0.0012797801920857504,3.322381638577055,0.7593222484430197,0.005677738130355854,71.24632651197777,0.01311642312577189,1.5,11600
8.113176817353281e-09,0.0015237353256859825,2.8054725162011716,0.6707178791637328,0.007340994987752225,65.37398901533379,0.009010137743742555,1.5,11600
5.06369136333014e-09,0.0018460912698736514,4.640990563076597,0.6691183162939193,0.006466244451151947,59.583451764747316,0.015087769176498778,1.5,11600
7.306376077306329e-09,0.0022208505943844548,4.878072820813168,0.7512105671506891,0.006191079908055418,75.29092921559706,0.014578566891790127,1.5,11600
1.6408939364662094e-09,0.0013043799298480033,3.699902460572511,0.7669350472626995,0.008612334504770001,51.34666624690207,0.009243257769456163,1.5,11600
6.824064388987141e-09,0.0026067645905534518,6.44605247237086,0.708628805715043,0.006273880251728725,78.08579404180426,0.006969156129487916,1.5,11600
7.869360598660329e-10,0.0012001234673550143,5.604922723169872,0.7554632786154335,0.007209109113261044,59.33604823488133,0.011872676269605963,1.5,11600
4.048985881027622e-09,0.0009028864630979643,3.090086795003569,0.6887555874446268,0.010830847123939408,79.09035384868534,0.007570078299104656,1.5,11600
1.6757081137480857e-09,0.001003028688155804,5.795853863929205,0.8893727184085375,0.00628249790301348,77.39687320483004,0.008565934894261273,1.5,11600
1.6248135375988142e-09,0.002055660267648947,6.204777375467934,0.8787963907948504,0.007531683647101902,73.06378342677796,0.013470017480823328,1.5,11600
3.0309575602790497e-09,0.0017331801504530452,6.084550058040155,0.6906800180171717,0.005606602249979422,76.42467370358932,0.009375582137320577,1.5,11600
3.254233316910074e-09,0.0022570264109834587,3.8695565108954124,0.8981779157501952,0.008441284190589045,56.87446997736069,0.012062592617044003,1.5,11600
8.7986561943137e-09,0.0020700693450133286,6.3072524805243635,0.9370951268816208,0.009667655425175746,66.63833298567951,0.011502683366134532,1.5,11600
7.553504328068227e-09,0.0019619226540044774,6.813426026249321,0.7246711232589862,0.009574573680712056,52.213177376484055,0.010558338204645896,1.5,11600
1.1641579770710907e-09,0.001777547288112602,5.750854490953894,0.9718326989746691,0.00862793389410437,76.8243766313259,0.015552215946654239,1.5,11600
4.176381404670201e-09,0.002340764188447058,3.0690379610269356,0.7753772450675636,0.006499433557845189,54.73709707869339,0.01034970635084224,1.5,11600
1.0153191369077839e-09,0.0011391159850074502,4.7313339641560415,0.99089677570106,0.0072390884508851654,78.82036932065554,0.014008936294078463,1.5,11600
4.373957993311557e-09,0.001065745611676155,5.594249028887996,0.930535426689927,0.008734471561581612,66.37364019073173,0.009397248596773612,1.5,11600
4.328589263665718e-09,0.001127658142250982,6.29326634843987,0.9689343319979771,0.009037109747339641,71.38267809290933,0.00904931400738757,1.5,11600
9.81799229245282e-09,0.0018726962328659404,6.539469949808795,0.6440492282886106,0.008041871578224419,61.59293985242976,0.011815494135190998,1.5,11600
7.514687920688139e-09,0.0021546000140783977,3.650525738212155,0.6933035580796192,0.004841741076778991,78.98335042347655,0.010983762371392532,1.5,11600
9.60062843251791e-09,0.0021271938129740985,4.856419106714167,0.8010221756013965,0.007492105618189639,58.36527983003142,0.01046486084665659,1.5,11600
9.808435655790413e-09,0.0014943155655920413,3.705963626234946,0.6643066017025958,0.00681433595230827,78.33927687179443,0.008525769444746409,1.5,11600
2.272580842678101e-10,0.0023367507049138103,3.2682453213258245,0.946569757091999,0.009788330979346452,78.55840738291027,0.01264838493255477,1.5,11600
4.2827075940336096e-09,0.0003863151638673224,6.444970035110125,0.778759890168735,0.009960723655178624,66.90413568131432,0.014125529778912991,1.5,11600
1.2536136388942738e-09,0.0019818617299695845,5.726648651378337,0.8845355388216974,0.004560574748197317,69.53414913599326,0.013300912705775311,1.5,11600
4.910039268679312e-09,0.0024893753315976775,5.060878654021471,0.7879772294192233,0.004701197990125373,79.43825276487713,0.015464406635369968,1.5,11600
2.473959569762912e-09,0.0019101463194987963,6.3735178230112615,0.8446002231607754,0.008279448503894522,66.55012741165162,0.007741367257407374,1.5,11600
2.2481579068641043e-09,0.0007658183338538682,6.915903483736694,0.9140365871292279,0.008691081899954692,72.07640839097533,0.011466185995727794,1.5,11600
3.033175496268561e-09,0.001005937714657503,2.945675165913317,0.908495480123873,0.0047787993941650515,64.8481227431599,0.014212896268508225,1.5,11600
3.1843813821665912e-09,0.0016946782988353877,3.0411660586876867,0.6498642080132875,0.006141871553464009,54.656850003072975,0.009855691396796354,1.5,11600
3.9563292905549225e-09,0.0009123756475366858,3.8141589537566194,0.9641892780545459,0.009164794136197498,52.4952417481346,0.010999140584250914,1.5,11600
6.37126412060279e-09,0.0011428837087052847,5.823601991405961,0.6443421410129689,0.009438887883732136,51.715554377193214,0.01267259532491341,1.5,11600
2.6208561941878953e-09,0.0019391676974494232,3.31145404260548,0.9250572840019752,0.010221888248119409,77.08737834316167,0.009241316862585116,1.5,11600
5.582166818346638e-09,0.000638976513613661,4.9914831466056535,0.9083932514108378,0.007480980269536757,61.73265541479453,0.009557485578487342,1.5,11600
4.643043147401938e-09,0.0014398907204846508,3.360468383363378,0.695377627513557,0.009951700799403329,52.85455548509469,0.014254413857874487,1.5,11600
5.883688728976807e-09,0.0009553033956403521,4.006619793386147,0.7887511187068744,0.007847817177418644,52.9451810003911,0.010227070755457304,1.5,11600
1.2122310558897991e-09,0.001974402012738483,3.9672321971129527,0.9292895746996304,0.006546544494218643,66.18064561027823,0.010700669841981373,1.5,11600
3.867738220513262e-09,0.0025163763208670862,5.374635164774453,0.7454807867418216,0.009306423232150402,55.23398040844783,0.008302767795797673,1.5,11600
8.089670500921607e-09,0.0024313695301153644,3.3193219198118045,0.7509600701147422,0.0057991216627958034,55.75055214469044,0.011464317900700556,1.5,11600
5.3318589856805175e-09,0.001210629882732282,5.094629351434373,0.732133572788219,0.004589269059161945,69.16812353909704,0.014313795183897058,1.5,11600
2.455385000672692e-09,0.002280783782025111,2.969865379276448,0.8943978619815948,0.0059117571038185416,75.02324508706266,0.01277815260293873,1.5,11600
5.906045819700158e-09,0.0011753529888852904,6.808591341027318,0.69179118144521,0.008812323352523754,57.447436032528586,0.011181379648963685,1.5,11600
3.046479853808136e-09,0.001754325838724847,2.9537447146304348,0.9780436588478081,0.009357121933627742,62.978357452239734,0.00991653630367377,1.5,11600
2.8062060150993904e-09,0.0019282171488736,2.900050866576233,0.851536581942744,0.008704828775178952,59.099727160634394,0.013088101201928899,1.5,11600
8.848092680743896e-09,0.002316077142685398,5.341368753800333,0.8647904793781643,0.009366516712891966,63.34107947195549,0.014664083129695435,1.5,11600
5.228130347441971e-09,0.000792176167955268,2.8384580746902905,0.972884693853094,0.007579761274129081,51.507789665655146,0.01039216537828464,1.5,11600
9.286261163486902e-10,0.002238864908452395,5.441976424981033,0.7135903362040665,0.00827313193979996,51.20180391395416,0.013369185335306682,1.5,11600
9.487538489529178e-09,0.0010396334661799138,2.9124573376016305,0.7998318421472832,0.00616519999273927,68.98050525283962,0.012078974167158798,1.5,11600
1.0812772229806037e-09,0.0014700492552083683,3.981377902252808,0.975044171791568,0.007400775239414264,72.06991931550766,0.01497249104690992,1.5,11600
9.058280830502944e-09,0.0016512839653710703,5.820232318019295,0.6724651801635037,0.005590939870935865,52.38582434201954,0.013800992817222442,1.5,11600
7.815459773590233e-09,0.002318547916749611,4.128626907010497,0.8694045610105968,0.0087327508561878,74.80683126838582,0.008331693026397214,1.5,11600
4.5160337990879215e-10,0.0019624606938454144,3.5246297755154634,0.6917884858292718,0.005897313554928745,58.097849830476015,0.011744812888441807,1.5,11600
4.0854905363303944e-09,0.0025828209929060356,4.511075469132604,0.7401170729617632,0.009480672160732947,52.05434790029067,0.015610213472611198,1.5,11600
2.3899489054754642e-09,0.001178954255476321,3.757427315462209,0.8611424359223805,0.010087009673054731,72.64757328541482,0.008168570854840497,1.5,11600
8.7476551784531e-09,0.0015207398506528133,6.916376901091636,0.672431947896185,0.007972649256835043,67.36106462046394,0.012495389206465875,1.5,11600
6.018401104914679e-09,0.0009550859219532681,3.721807110846344,0.8573733445621451,0.008474681459103524,51.666447879735074,0.012865380385933867,1.5,11600
9.02803539074626e-09,0.002224911861897327,5.728264161477931,0.7580835724019176,0.009170977291266617,53.56148270223525,0.011322618111209113,1.5,11600
3.6404775975734023e-09,0.0021813014965541173,3.715829264457622,0.7377989473117388,0.0065304719768934545,57.68619181597085,0.011242197694387593,1.5,11600
4.486702399814884e-09,0.0023643807223344797,3.063959452519905,0.905461648241826,0.004415912719694225,53.741455286408474,0.009617489010288235,1.5,11600
1.5164053284986434e-09,0.0005476752488883386,6.985108244124296,0.900490613857201,0.008780386394484908,53.62696303979451,0.01169135203129411,1.5,11600
6.347118003075052e-09,0.0017378529084192296,4.289230859102,0.6834032648621313,0.005090509393915022,51.489437537665225,0.010414787298823832,1.5,11600
1.0170392762732737e-10,0.0017988240002280277,6.099190096447865,0.9018251632920838,0.0052443186021262815,76.38990273917112,0.012874803453840624,1.5,11600
9.285416572654333e-09,0.0014143231656221127,6.653298949339461,0.8972823699785826,0.0063273458317569635,78.06164262254073,0.011092801473292951,1.5,11600
8.861402841609379e-09,0.0026937010325571173,6.397283644281101,0.6976088508676239,0.0077717400949869255,57.99951695754547,0.012998762300654769,1.5,11600
4.708388210679642e-09,0.0025307986653713642,4.282563473654316,0.8025828085148597,0.009193901631472351,70.82034671876748,0.012039205267401603,1.5,11600
9.058027841116027e-10,0.0008921055400973694,4.388912045872465,0.9399007524625045,0.007981879269879843,55.54868257384241,0.013365788562962168,1.5,11600
8.329442651848483e-09,0.001185427926921896,5.8299405522132055,0.7116046300155441,0.008552614443387375,76.47992655274474,0.014462560840704042,1.5,11600
6.071574738929991e-09,0.0020044968864295102,5.885612969152627,0.871626454728847,0.008419689432041058,70.96713401842588,0.012490129326769397,1.5,11600
8.93219900731977e-09,0.0019482412717757435,3.6015741448215355,0.8489724692013431,0.008779331000143982,55.898119569657766,0.009461972922351212,1.5,11600
7.081404160563358e-09,0.0027720268055264692,3.173467161391417,0.9893334593988657,0.007563622600497031,54.69478351488941,0.015037132058175902,1.5,11600
8.149713315738894e-09,0.0018325191262109001,5.769917475360972,0.730414377722036,0.008552668472903594,62.49138364431807,0.012134146195190803,1.5,11600
3.3717697493874766e-09,0.0026959224448911863,3.4354789382491475,0.9333981281136862,0.00607287242797305,67.64403552509314,0.009709246943021872,1.5,11600
6.63798611222076e-09,0.0012958369838390236,6.56256324763414,0.770613140778044,0.00738369565193285,61.64122546364179,0.008055215169522343,1.5,11600
5.936103887236006e-10,0.002358826489466467,4.176992871556294,0.6512193744350887,0.007748611977418125,67.98024758309715,0.01016641422817369,1.5,11600
6.909502895492263e-09,0.001354052308208304,4.814703191990226,0.7666729591891718,0.007037052862598415,60.420584277634894,0.0140667655850146,1.5,11600
3.8507435174394035e-09,0.0008115091642574974,5.58857099012657,0.8231765925678453,0.009682055510331734,70.94473690599065,0.014263318469756883,1.5,11600
8.604560412612733e-09,0.0018330227735249992,6.495029280760051,0.9951389031245184,0.00891427605650965,71.06868987876719,0.011195689308425552,1.5,11600
7.952822904972434e-09,0.0011018682759594482,5.510636809303061,0.7132413153140988,0.00824496648105026,58.9541716689347,0.011982276484388672,1.5,11600
1.7607157685516806e-09,0.0012373392920078156,4.201513140756932,0.7696620933277191,0.007698633835164665,54.93233394742808,0.011947015753842534,1.5,11600
3.709495031050196e-09,0.002064444005969962,5.83686556069928,0.9268475866663833,0.0063990098740596135,63.07254674420706,0.013390748236739561,1.5,11600
6.640522639392458e-09,0.0020745595813326323,4.855704059519581,0.6714620707462083,0.004805514076492739,61.23613717441094,0.014303894413152723,1.5,11600
7.898049803591079e-09,0.0023445284838295097,4.3156159326879475,0.8890617346488228,0.008473556146071414,67.62967216071897,0.011864601097350765,1.5,11600
9.77505169387398e-09,0.0019837466500959057,3.751131534356198,0.7316067280091565,0.009013466924497024,78.98115685877247,0.006984222150645202,1.5,11600
6.187875595331569e-10,0.00242334864170612,4.66442344880926,0.7879008830750432,0.01029824349147112,79.37109217868576,0.008717239762529699,1.5,11600
4.57130842711478e-09,0.0008944942036557538,4.925452281974654,0.7356913619134889,0.005786804977844273,68.66823708886463,0.011017131900417669,1.5,11600
7.2728168054764555e-09,0.0006656896367616868,6.398045490125708,0.9577531845332856,0.007947338571306676,59.71233440543123,0.012965178664376107,1.5,11600
3.329562217334442e-09,0.0010345222982737546,4.262603148855968,0.6630703415594772,0.007958028359527301,53.89961950757718,0.01004080889618073,1.5,11600
1.215106904232466e-09,0.0009422940693358143,3.7414888276186287,0.7668605067612467,0.00510095331453524,70.91749992817834,0.009277694268369462,1.5,11600
9.640225405764388e-09,0.002613587050565763,6.322342936351782,0.7627692273761445,0.007901734994573159,62.96155024252247,0.010954359277556844,1.5,11600
8.972630551059667e-09,0.0013982301736936774,5.073486176833727,0.6676758380618045,0.007999251685669066,60.13617422810249,0.013010527301300609,1.5,11600
8.414469480103448e-09,0.002012378063708231,6.507246919824908,0.7285645817987456,0.009303207811835119,67.6529536700123,0.009706447560666697,1.5,11600
9.36373357768898e-09,0.002174159290659297,6.648670993277742,0.7938299126388857,0.00806616197139059,59.16857445181545,0.011452470208835929,1.5,11600
2.888859202863433e-10,0.0005713333811933494,3.5383914967503585,0.8029767815491979,0.00485796038951318,69.83809424688343,0.011898787026584368,1.5,11600
7.770090522987674e-09,0.0019394814157399436,3.1925584100362814,0.744298111039815,0.0055475933971718214,75.78483330280861,0.0148872771195475,1.5,11600
6.478814435781802e-09,0.0024063981702094734,2.7346826001447795,0.8400746507579853,0.005362506568391205,66.6755433561121,0.013445025038873258,1.5,11600
6.715112153405586e-09,0.0009826912876554884,4.043001985445573,0.685286420531006,0.009465928192156303,68.88709144391972,0.009568713333992961,1.5,11600
5.144020443120882e-09,0.0018080760253265825,5.834754525541095,0.7782825909553732,0.008227376512941089,58.76551058312554,0.012111196490915063,1.5,11600
8.148427800053822e-09,0.001618170691413102,3.2755726281013557,0.7532131374595076,0.007625276407271431,77.62676595510803,0.015633689558464267,1.5,11600
2.8814776958444154e-09,0.0014244047294914117,6.142050521151086,0.973305193943799,0.005136822309527065,72.8343293529909,0.008101693382372828,1.5,11600
9.589892075235776e-09,0.0016951423198718926,6.9541534875253355,0.8119292332875321,0.007757302896520578,64.78283713590244,0.011281982756959073,1.5,11600
4.447745869634329e-10,0.001942607400104359,3.7165664554736444,0.9385932769425527,0.008857184649471463,63.14020663000478,0.010163666748928537,1.5,11600
8.184795434343177e-09,0.0016127275542496685,4.6451790474565025,0.6653778219187108,0.004299673090283616,61.0436480739271,0.012805936985564727,1.5,11600
9.816486401450242e-09,0.001399907970792406,5.158318086909434,0.8751251649458058,0.00799589337680518,67.93219243923292,0.012692594172816166,1.5,11600
2.8786956786343957e-09,0.0008030873461056656,6.2142943592827775,0.7285780416966483,0.0074155597383951406,54.50467889708536,0.013353836317090506,1.5,11600
6.175830791338538e-09,0.0020000480624883287,3.2220188625725057,0.9002478951582711,0.010430099071222243,58.92477675178626,0.012481072104562238,1.5,11600
6.452818702453319e-09,0.0012122911163140104,4.194763888611949,0.7052431957801912,0.00988677188940592,65.51802094200671,0.009233977096521477,1.5,11600
2.1295360254482186e-10,0.001134536207197417,4.088273735612208,0.8509477516179899,0.006754092171793885,79.16576818236106,0.011363362083689472,1.5,11600
4.94061142992361e-09,0.0021309818265390456,3.5885306055989785,0.751778664382975,0.006613366598490658,59.975863409475245,0.010320817643814362,1.5,11600
2.3134873412211868e-09,0.002447237688517389,4.703667531769361,0.7504344391022024,0.007897615088826566,78.56307654157455,0.008510708129093101,1.5,11600
3.5811560155247814e-09,0.0008114958353491672,4.428478815162666,0.9194316294838614,0.0050188156409319935,59.47613292901412,0.010036350826888066,1.5,11600
2.6330629582343387e-09,0.0013958371116124441,3.949578504783887,0.9707328706092896,0.0068134605163486925,79.60820489407493,0.008192056571241455,1.5,11600
1.6525952590347284e-09,0.0012478941165118655,3.6327536811968164,0.9773624230811256,0.007483182318481118,60.59734379942384,0.010498944440824528,1.5,11600
1.912975143841683e-09,0.0011506398689896237,3.293375474868664,0.6591542266221798,0.006692172848492103,52.65413899226786,0.011252677183841682,1.5,11600
3.373582918903748e-09,0.0023021412221547488,5.710325029340845,0.7137536173458374,0.006486658990851856,55.567036379886616,0.012835365293063356,1.5,11600
2.1523073282536156e-09,0.0024635959397896062,5.624927884577169,0.6401086418600443,0.004700184822990296,61.646010041175494,0.014681397210033987,1.5,11600
7.406314396944531e-10,0.0007617331425660831,5.859543911940232,0.7030924788501134,0.005985961903119081,68.46808528000598,0.009280615338836394,1.5,11600
2.8284300736726782e-09,0.002487351511745576,4.072492893722778,0.8480211387674169,0.008625075254847108,60.500878338731646,0.007321376224031839,1.5,11600
3.0486270543424272e-09,0.0020334490190866633,6.32074818764589,0.7497784696676714,0.005557594599227528,52.328074534932966,0.012560057712936435,1.5,11600
1.1434205379010977e-09,0.0005826779220589484,5.842909105555347,0.9293122442084718,0.005019446689326697,68.78867597111956,0.011717423468280837,1.5,11600
3.790659865555377e-09,0.0008164419754620686,6.563237989736887,0.6526802022133031,0.005510113234384435,58.00502463491669,0.015201743479045465,1.5,11600
4.115792122571607e-09,0.0018955873371834953,6.205481460480677,0.738927758523209,0.0055369364616378045,72.85762373309278,0.008560168568565575,1.5,11600
6.530237948460365e-09,0.0016026314168073902,6.049107932495398,0.7068330900599173,0.00941427394954168,55.4713073190393,0.012522623341094115,1.5,11600
5.418235665452727e-09,0.0009347120491601338,6.496686548278004,0.9244879919186347,0.004211339147406575,72.26137482656215,0.011157182904077783,1.5,11600
9.142820413653524e-09,0.0019467890873278554,6.225618839787538,0.9715914906886455,0.009720322697060246,52.507604470309744,0.01271036866875097,1.5,11600
5.887435014430909e-09,0.0013601370995377456,6.001202026975937,0.825805432141481,0.008446405729864532,78.67469171833413,0.01248896475509262,1.5,11600
9.547991454061541e-09,0.0006521919884895951,5.839136022079364,0.9034346935853284,0.007776538875111557,68.91757320453559,0.009700832744760501,1.5,11600
6.575701712562227e-09,0.001462667827778642,6.188764779971745,0.8551106764803695,0.009706237285401164,54.750608957822216,0.009199171035405861,1.5,11600
6.095172559760569e-09,0.0004898680084621656,3.4982677562942084,0.9369115818360876,0.006236034573734051,71.59676578165407,0.008812699216519441,1.5,11600
4.958733508285028e-09,0.0005256972967935421,3.6532057114694676,0.9514013526295876,0.005855172304947156,57.420097673061456,0.010861462820001406,1.5,11600
9.74127008769392e-09,0.0012907232828366672,6.957636684137637,0.6514399873116309,0.006325854517839324,61.587670650621654,0.011428935161266297,1.5,11600
3.827634412127465e-09,0.0025153749436982605,4.491392109962682,0.8708980768079697,0.008874535123327818,72.86915670753545,0.01095585887063007,1.5,11600
6.522193169141695e-09,0.0015632460931567338,3.444185030431248,0.7321152884611511,0.00972940064612011,58.5038387649591,0.013789642301869054,1.5,11600
4.3501173510150816e-09,0.0021433961991313352,5.572014568717274,0.874582241170909,0.008515009696667767,77.3483089486463,0.012484592762952563,1.5,11600
5.3806111845171944e-09,0.001158653981457814,3.15034078575957,0.9644642998583755,0.007452246233380488,72.10442284327581,0.014072381900442297,1.5,11600
9.326259224793857e-10,0.0026513274692906695,4.388778608658445,0.9141733228747689,0.008231464083832985,66.76503052649532,0.009214382710912631,1.5,11600
2.587212521271836e-09,0.0009579094101736663,4.76768454878434,0.9699788835656034,0.008010329346208048,60.762133343083924,0.011115391566515264,1.5,11600
5.206041937709094e-09,0.002656732658085229,3.5732602174789077,0.7992350867344458,0.009079440087297339,65.1446304180034,0.01409588444085726,1.5,11600
6.7118292978252985e-09,0.0022520128465326594,3.4113539562454656,0.9636996441072724,0.006530363043045596,61.19645269221398,0.01314859549888352,1.5,11600
9.542872638997826e-09,0.0015204647992687406,3.066184835165879,0.7005674318518945,0.007403753239369376,57.28215675715178,0.010143717029143321,1.5,11600
6.178912691013567e-09,0.0025461360542400756,6.335560192161366,0.6429161843044843,0.010820629085347913,75.6295516499614,0.010806434822766182,1.5,11600
3.342368748016976e-09,0.0014212853420971171,4.071452925695759,0.8214233330863749,0.007008705154039443,63.41985322030758,0.008615913256847437,1.5,11600
5.337029144443921e-09,0.0012390733748005184,5.923305589774503,0.8968061001982909,0.00929355762058692,59.615368798114105,0.009777675172599188,1.5,11600
6.951945182328331e-09,0.002166143965367414,3.786380446471454,0.9080398215960959,0.006842013644166122,53.93335441981973,0.013619830688251339,1.5,11600
5.946305216327961e-09,0.0020873589905357854,4.434832671269284,0.8259292317912755,0.005833249512296526,62.5894378577728,0.010577723319642726,1.5,11600
6.453707765049306e-09,0.000591611660188295,4.965455719939833,0.9814940652027438,0.007117552181934172,58.09128768249521,0.013127623979634132,1.5,11600
1.282348143746417e-10,0.0017754618204910548,4.836386468482795,0.9503510638430547,0.00952591319565715,75.7382936020285,0.011024226349747755,1.5,11600
1.9660419598450496e-09,0.00256326487533747,4.41357030487679,0.9654222227663144,0.005589612639070607,75.88710673188683,0.014037296163883366,1.5,11600
5.546793762256864e-09,0.001255446687008096,3.7278942722145434,0.8370202683588215,0.006968436956603496,69.24350971650739,0.008065470652226184,1.5,11600
4.729327793255739e-09,0.0011911156251120136,4.654740171754374,0.6434581540952502,0.009075551942373231,51.64877989804636,0.007894252661466003,1.5,11600
9.54359949951856e-09,0.0016127932470546215,4.118795997456386,0.8121642066017467,0.005841220675555603,74.75669712668567,0.007432791993188624,1.5,11600
9.886253833701659e-09,0.0008222631475929643,3.9292973813673857,0.6735813998769963,0.00774405478522334,68.9850333926302,0.011484429604816916,1.5,11600
7.474621576638774e-09,0.0018072731794038317,4.294576969503863,0.8247893929001918,0.009631195200475302,67.90954588664454,0.015116906652781644,1.5,11600
6.508189349678759e-09,0.001785542151355044,3.8032075429528196,0.946171531088299,0.00908272312820717,57.66796603942394,0.012816019287689913,1.5,11600
9.556923767388933e-09,0.0021987955735028515,5.380183493406575,0.7571568222054657,0.006086049339012477,78.76542720998732,0.01266100967763191,1.5,11600
5.254409710935737e-09,0.002802701643385227,5.082535318211015,0.9669702440470347,0.006319809525969484,71.58838911221353,0.014539243458850052,1.5,11600
9.39425678749299e-09,0.0015525093454426772,5.688157434868711,0.6564255285493295,0.008614240025831131,60.22746956049408,0.01093728285015135,1.5,11600
9.556069876855321e-09,0.0015458407322678264,4.35588595553481,0.8130353230681657,0.00962184915936036,52.090938308153355,0.008431943923021011,1.5,11600
1.0000208821242007e-09,0.0023109590643331625,2.9749982264846704,0.9198736873795325,0.010290178005457734,72.30349760467196,0.008313786907603394,1.5,11600
1.016001453767558e-09,0.002550044368358974,3.591658738917093,0.8493527928853001,0.00674932321711657,61.92740647634927,0.009171845611859446,1.5,11600
8.20819826489634e-09,0.0024490622291016865,5.512342694993071,0.7542576157924307,0.005837590099377789,76.7999437317237,0.013196156718380515,1.5,11600
6.3931938851138215e-09,0.0022353556515106177,6.828313910514067,0.9941549634369617,0.007642842395221281,63.05032507955183,0.011988298275264873,1.5,11600
5.970968529766432e-10,0.0012628833468924976,3.594557527394995,0.9704498306789252,0.004582020067692406,76.57590480087775,0.009085507960810233,1.5,11600
5.963098194539453e-09,0.0005915395733419041,3.9237827527283886,0.8919608736178258,0.005259174988071186,72.56536720940508,0.010734775043425081,1.5,11600
1.651194394084582e-09,0.0027019682012898944,4.808447911577519,0.7154580193115796,0.0068780680230630465,66.79716099584063,0.012381429382110811,1.5,11600
2.297690676688766e-09,0.0018160871341236571,5.510967983927613,0.9560988259850441,0.005589339812922289,65.53655658796953,0.009306255832933883,1.5,11600
9.588730232942804e-09,0.0012950218745990491,5.6977303358097675,0.798105615703051,0.00764236731400215,60.20844953378083,0.011563642730113514,1.5,11600
3.1695118029703037e-09,0.0008585481955837575,5.414386129062903,0.6471980942692019,0.009882232929418372,71.46054627795272,0.011232690634716448,1.5,11600
9.471978065056346e-09,0.002613457182479414,6.43964443809654,0.8538011371161397,0.009750352044127043,79.97028418977054,0.013987115213793961,1.5,11600
4.0400350890002446e-09,0.0014681656210802263,3.997582031511839,0.86265741444295,0.007050468895439829,68.50555859340575,0.008568894506508308,1.5,11600
3.2825946914415503e-09,0.0011428217188472528,3.833003753430796,0.7145128104308818,0.00907505620570062,62.95873484774437,0.008726264681291708,1.5,11600
4.375958274071363e-09,0.0012981985601489131,4.343971698735195,0.7981756526205201,0.005233838256407176,59.58878746843936,0.012869873650973817,1.5,11600
2.4913649771108283e-10,0.00226945672763408,6.597009447013951,0.7535853777216875,0.007616774709674028,79.86704148643928,0.010570217140619514,1.5,11600
1.6871273090784017e-10,0.0007116283577961579,6.273200881395253,0.9359069764829968,0.007335944902754671,54.04579041541761,0.014455568902794846,1.5,11600
7.821256974878183e-09,0.002386563852838297,3.1529331150229956,0.7136932586895763,0.006969886629806627,65.36950181815712,0.010318183399423865,1.5,11600
6.077817430236831e-09,0.0014420728144413707,3.4111659712182085,0.7991121858055601,0.009827915761908447,79.45285001851796,0.008614612343831363,1.5,11600
3.890210937666759e-09,0.0018810778834386047,3.710829702065216,0.698549138418629,0.00827977161465857,70.25776664085646,0.008743611554387421,1.5,11600
1.9127272876419335e-09,0.0018108752058506837,6.796563718533258,0.7621855774861138,0.0070009825590125856,61.40566393120781,0.014276980423572701,1.5,11600
6.98708207218098e-09,0.0020226584467920006,4.382195952488229,0.8289966973454969,0.008084816635865808,68.52695003364754,0.014108769441812795,1.5,11600
5.4078340599710605e-09,0.001849558188299536,3.6382139079847575,0.9535776033453751,0.006041560815627436,58.130365842926935,0.011466641441082127,1.5,11600
2.4507597176843256e-09,0.0010526500567481674,3.3304709712292424,0.904120476026963,0.007734373249609426,78.67550563061899,0.010278916595121496,1.5,11600
9.33249809414485e-09,0.0022642706049853735,5.814182079032575,0.8798061160191019,0.009546664447625737,53.78961422604378,0.01339902507031556,1.5,11600
6.326036056338463e-10,0.0020629369808140017,4.611163688118394,0.9227519970156207,0.0056829078385858154,64.47881598426002,0.013547289909295332,1.5,11600
8.326733207646782e-09,0.0010196610051000589,2.8836951802894495,0.8669182666025039,0.006389799977996944,74.4347987264955,0.009168528874076213,1.5,11600
1.7163081489744682e-09,0.001975582165813844,6.167290066751109,0.7433481559572007,0.0060788676276641255,74.36308631084425,0.010793315554698571,1.5,11600
3.433912887486264e-09,0.0011872296270096759,6.144472704251115,0.9923335050538653,0.007811654045330846,56.588502198312085,0.01241312659412177,1.5,11600
7.943778788123411e-10,0.0010486517436163194,5.669482193005753,0.8094523683555277,0.00955624974019552,64.44226412501447,0.01173116241810378,1.5,11600
2.3192217476011203e-09,0.0027332265759438157,5.213106529685312,0.9644123569626811,0.009132131578784826,68.9174096558057,0.009745167535401096,1.5,11600
3.793445154566981e-09,0.000865390693363344,4.077670094315517,0.9219911317380067,0.008461248099972576,68.26597638664894,0.010603655566494742,1.5,11600
5.990991596569727e-09,0.0016658458460677014,4.0124480078306215,0.908629431471058,0.010615323977512192,66.65318994935521,0.010188849624647433,1.5,11600
4.9090989706430354e-09,0.0017270885285664318,5.909341034314697,0.7778666037481056,0.0065016642719393555,52.354262145454754,0.0072342453153769835,1.5,11600
1.4380309323086123e-09,0.00043535700438570115,3.246449621614768,0.8915597461417405,0.01035548985029886,71.47221393034397,0.010539986210545072,1.5,11600
4.460229910530872e-09,0.0012290622025409321,3.327914966631727,0.7328520081711175,0.00843697153975002,79.79140125266571,0.008159991980489225,1.5,11600
9.653937467041185e-09,0.002410369540097714,4.644896399812229,0.8565164364702512,0.0063556074681120475,79.50099290465648,0.014527385885145693,1.5,11600
3.0911297447803313e-09,0.002101021440793937,4.1969488896705895,0.7895169069774524,0.005304701050569388,56.75702229593142,0.011541365735636282,1.5,11600
7.0581908594244995e-09,0.001494099053267183,3.467951264926348,0.9400881531343563,0.010758806301225273,62.08425457086311,0.014807549631754166,1.5,11600
9.926264572953802e-09,0.002260974527820982,5.778386767134374,0.904323794286591,0.0062123953782996,62.22650550753256,0.011859350067399684,1.5,11600
4.959830868693121e-09,0.0010191594400623795,4.207963917357191,0.738976068160442,0.009492374527910874,58.40829292232947,0.00869620738496727,1.5,11600
6.145837258565607e-09,0.0026938696347373007,4.524233079790127,0.8033179008843394,0.00596057181586517,54.84922729035314,0.0078059913720945695,1.5,11600
8.083236043746159e-09,0.002291927048235771,6.391178954265558,0.89882875546588,0.0044892078192261195,68.3676841653096,0.014202292497389407,1.5,11600
2.286585599741704e-09,0.0015017473586869375,6.2652892494828665,0.8993109157207592,0.004980701323829912,79.96952283785883,0.010443106964405317,1.5,11600
1.0069080800791466e-09,0.00099884258783658,6.600335200207773,0.9281084164866084,0.00438383605760103,69.84848073395683,0.013503163854427349,1.5,11600
8.296119447769856e-10,0.0014063712357291524,6.165477738745949,0.764299133518172,0.008212500063024371,72.60550003807747,0.01202759539144698,1.5,11600
7.98022646969044e-09,0.0016481247266552056,5.507090822166207,0.9074904718909863,0.0067984779822845036,56.54443583722986,0.013634695588627736,1.5,11600
6.4742422494371905e-09,0.0014906517018907573,3.2349773687738157,0.8425577847250709,0.009951844722429106,67.69427623381449,0.011100276304371293,1.5,11600
3.8366447950509944e-10,0.002245386363502002,4.767781260784778,0.9066092482682939,0.007872317985213744,67.2585452111286,0.009722580580394801,1.5,11600
9.608580869790645e-10,0.001915994362687467,6.65011462566423,0.8051689290101222,0.00857477296153955,66.55385101281114,0.015028897117741828,1.5,11600
4.579575244438281e-09,0.002069207810911997,6.222901796409138,0.9404497068130444,0.008772177265654445,77.71343041630283,0.012372381011145248,1.5,11600
3.360720287953273e-09,0.0014490390697540685,3.177481814387024,0.8996798664170157,0.00801039967532392,68.43847102456138,0.014314700301279534,1.5,11600
4.88520272918685e-09,0.0026996275096595546,5.158798589654536,0.6869843955613636,0.009504448313272792,63.15186620206214,0.010524970685118849,1.5,11600
1.8510991678597764e-09,0.0004739659550668465,3.0577569510804863,0.8356133051057573,0.006342288230919244,70.8167761232147,0.012568170449957136,1.5,11600
2.63169615699615e-09,0.0019205287115286215,6.528870299873063,0.7003312832587089,0.010113063851649198,72.30624109552082,0.009847429378244198,1.5,11600
1.8859388243157966e-09,0.001776962054033102,4.650995254166436,0.7163146227275078,0.005278239114329899,67.36101476535994,0.012553654055567376,1.5,11600
6.6954165097288295e-09,0.0018723227642347545,3.3417316038336295,0.911169816160931,0.004913636342382521,73.65021083705236,0.008286489729448432,1.5,11600
1.7034318390756996e-09,0.0011220220859302146,6.842285717741772,0.8354918322747221,0.007678344814378317,67.50717586462466,0.014696074419304258,1.5,11600
5.371013220175945e-09,0.0016700076033303824,5.28147516175021,0.7161960033313128,0.006577136951004482,64.52468226355701,0.009189934011931262,1.5,11600
9.612878638117145e-09,0.0007833110520983145,5.5198954411802665,0.8196996119248364,0.006667708932244552,53.17417226343721,0.010781845400248699,1.5,11600
9.858773804097738e-09,0.001994998452809193,5.556368913346193,0.7493644793683809,0.007830528205627463,52.88782319708428,0.007486912153641104,1.5,11600
3.2342452708294685e-09,0.0021494720838512813,5.51908473731557,0.9276443524811632,0.0076093467440306725,69.01909430187696,0.007927424479489461,1.5,11600
4.483915003066364e-09,0.0016409550600773627,6.366620947211486,0.6427899263423188,0.0070353877796034275,61.09008794873887,0.008856839510275228,1.5,11600
9.796952415197232e-09,0.002138102913592458,6.1268321568926485,0.988772861889894,0.005080493322957684,74.57947925816663,0.013204589104985344,1.5,11600
7.682980649655494e-09,0.0010881017558429383,5.003670003869651,0.9143528055695038,0.008519001249063924,64.72714002850275,0.008710477404478128,1.5,11600
6.317608133158385e-09,0.0014057126217101783,3.1449573405717204,0.8721506788230625,0.004938004042350883,66.59511078014606,0.014327703078046119,1.5,11600
6.8932624259954e-09,0.0007347340174328132,4.294154881977368,0.65245610168422,0.005870444424484023,68.74220394432975,0.010859376985168593,1.5,11600
5.5140485556269296e-09,0.0025034774342357737,4.289669013309684,0.8742871716046385,0.006021032190960825,77.61342566633662,0.014431408882341226,1.5,11600
7.915967024697175e-09,0.0015998951909280705,2.7842126153851767,0.7399807483883142,0.007110479007987371,78.51562004208446,0.008994753588974629,1.5,11600
5.423839423576713e-09,0.0018908480745431023,6.198033648451022,0.7791108523818578,0.004553753878483388,57.37327600365504,0.010045011727224863,1.5,11600
8.582008109721847e-09,0.0013403302222061019,6.175861770659539,0.9843870179431295,0.005103283605121109,75.71326921850851,0.014406357758633463,1.5,11600
1.1336310698751139e-09,0.0023774115173265968,3.587946267490487,0.644972647951763,0.005895204002000729,75.1521245693464,0.009014914137663881,1.5,11600
4.0507603995546754e-10,0.0007550883419212961,5.298605904263173,0.6981225625095204,0.0053640398156523305,64.34270462539455,0.014729250552125412,1.5,11600
8.468222490860054e-09,0.0019500295200782357,2.8588971173397106,0.8121550130008722,0.009306516254362454,77.35766728399902,0.010007482497676277,1.5,11600
8.369831140231174e-09,0.0020245903340064307,3.5762950697220117,0.9559853466142139,0.010171286659564491,57.94345710977949,0.01229890867706596,1.5,11600
9.413917094468249e-09,0.0014878709721937965,4.306827375262142,0.9806129867261006,0.007485362391240278,57.960200185814244,0.009832710478391165,1.5,11600
2.7622131785036075e-10,0.0008592225635548826,4.406690450208876,0.6693409079237137,0.007778052005671391,74.26881525867846,0.013124062487625938,1.5,11600
1.4347153050978734e-10,0.0013609854537077039,4.3274797939079415,0.7298736653890808,0.009020683877041663,79.60303093878068,0.01241641450834786,1.5,11600
2.4457997977372167e-09,0.0008017935426453818,3.536673286955737,0.8557119790997109,0.009497112192568767,51.8276851346787,0.0077184135118402355,1.5,11600
3.4960092389116476e-09,0.002471291642697485,6.311636706293826,0.8369713956697535,0.00780031799164348,64.81485661214302,0.01093759135055401,1.5,11600
7.42850607267121e-09,0.0010963393557054343,2.8153991194948826,0.9337901390637845,0.009375628653019786,60.60719236387313,0.009772364310127454,1.5,11600
7.227451886751915e-09,0.0011602371507460365,5.748705564308124,0.687094159821755,0.006854821032655368,61.62708500529095,0.013890287251777236,1.5,11600
2.4976759697012576e-09,0.0026385422547932345,4.007124335573719,0.9977072203986374,0.005124864420083917,74.60098403100078,0.01299004068537119,1.5,11600
9.438241613730142e-09,0.0018304183688014001,3.8934657088894733,0.8456997706478809,0.005847777171488315,69.97194906992442,0.009188368548114126,1.5,11600
2.3918927751462465e-09,0.0015888220051284803,2.946306334042198,0.8347914984046475,0.005898215549959061,56.26896925153075,0.011460585017724593,1.5,11600
3.063682202729022e-09,0.00164258504237208,6.261822436962432,0.8950504899130287,0.008094686417722971,74.62640997558748,0.012712326641401976,1.5,11600
8.576877076370438e-09,0.0021749099262193205,4.4844019216527276,0.8255127149811867,0.009301740093205451,74.78159862329666,0.00868767027728603,1.5,11600
7.681568408813628e-09,0.0015410877595000009,4.54002436978026,0.9448503778583096,0.007594000452741985,54.577000088563516,0.014008442398732297,1.5,11600
9.380859684386349e-09,0.002183217150813548,6.344343737623934,0.8549835954320674,0.008015219272509096,61.575144882110855,0.009546640136854358,1.5,11600
3.1699523696191352e-09,0.0016062040061392137,4.787231004415121,0.954225918179164,0.007392672033464153,74.37913057772195,0.012518314162871528,1.5,11600
4.8389752465371365e-09,0.0020779510203075614,4.969043680555562,0.8045919117734288,0.007941443282895293,54.78409357548329,0.012540323134992351,1.5,11600
2.593934819100478e-09,0.0012984894917497506,6.378485346878049,0.7208701046251341,0.005503294163858728,63.89964164801097,0.011680829793847066,1.5,11600
3.921831566894352e-09,0.002383174779245144,6.419416208872803,0.9370183942498036,0.005664875029183896,70.36539821323423,0.011421593736121907,1.5,11600
3.810599872976259e-09,0.0007487840532654279,4.482922555252829,0.9620118294730812,0.006558418120676295,54.73073324625088,0.014525779376544245,1.5,11600
4.763136810200972e-11,0.0023203354570912327,3.1104472959566447,0.7410357931824448,0.00698982054219841,55.46740200184926,0.0138124787896609,1.5,11600
7.355917571276127e-09,0.002731248628241901,4.241646721222868,0.9707230066240687,0.006638548068404144,78.92716413450019,0.013733064681181675,1.5,11600
1.1613830833776523e-09,0.0007727450185577516,4.4109635139640115,0.864460417360529,0.0064592648331444815,51.977565318097625,0.010588014462356705,1.5,11600
3.783393607604907e-09,0.0008690976373366565,6.627533056254288,0.7794755077071984,0.008901250712198208,68.0225007339617,0.00897180485596894,1.5,11600
3.8627589642505655e-09,0.0012594309933559465,4.016065579412418,0.6780583070629034,0.007019148601896398,59.492555386224446,0.00982050957998098,1.5,11600
6.343178966456249e-09,0.0005930251316391566,5.790894572560886,0.8874634978504744,0.009706396946545895,76.68798378329194,0.011388923516531766,1.5,11600
7.691389572180936e-09,0.0010961278400156407,5.699972298238685,0.6572539518513599,0.007956135300563152,78.87768576435796,0.009731782082059317,1.5,11600
6.4112429788784485e-09,0.0013055316360104494,3.594446304497506,0.70556144711424,0.008744317377344985,69.62402337105566,0.014555253715955275,1.5,11600
2.5548585754899382e-09,0.002155596299519504,5.4864684000375314,0.7557125774407486,0.008630212267577915,76.98588123494508,0.009317776095548538,1.5,11600
5.8039789083704426e-09,0.0005745060483251786,5.454175668042002,0.7273202697632837,0.007142137874934344,69.3981864622473,0.009828740603914563,1.5,11600
1.0866037553939107e-09,0.0010473449014597356,3.25356564798836,0.7656061656298,0.00766001556872494,62.54603570198478,0.01257308152088017,1.5,11600
2.83768964080456e-09,0.0013533281234045008,5.357486189404699,0.7191564894508047,0.0058722621899679455,75.8722595637447,0.010814683877037837,1.5,11600
3.649688550762558e-12,0.002063474120612096,4.085297690890936,0.9660344999835458,0.008442069071854184,55.60235920804119,0.011295740756356457,1.5,11600
7.459430920500465e-09,0.002421515792245686,6.283253124857862,0.688200236211764,0.009935575263311071,58.372676606190794,0.013203928833312034,1.5,11600
2.1688427942534532e-09,0.0027325721482047865,4.121869705144377,0.8503009829886748,0.007528384902922316,77.71532971031982,0.012413768967150449,1.5,11600
7.007019563594743e-09,0.0018948535326479277,4.019861053258621,0.9688662698880365,0.005438132804130006,72.2955357556152,0.011283516095077389,1.5,11600
4.728785474934854e-09,0.0010659917316463933,3.1682632725399134,0.7546519450358985,0.006898344662952127,70.43979015702551,0.012209577087115337,1.5,11600
2.2029116266051443e-09,0.001033992996964272,6.109633132409022,0.9100757252835417,0.007366283980534261,65.61613464566362,0.010561581893158277,1.5,11600
8.428034768038797e-09,0.0016702829929576188,5.429510324343029,0.8091363751990958,0.005517855412138331,73.77717169314062,0.010231707669112477,1.5,11600
5.304302892057533e-09,0.0020546353621704945,5.914043983648609,0.8744960740071133,0.0069962923896710145,70.00164618653454,0.008047938400378643,1.5,11600
7.261252583527608e-10,0.002421973898274158,3.5164779314452246,0.942139141566303,0.007582470610497436,61.51428084015174,0.010076695395863982,1.5,11600
3.7115916909010126e-09,0.001974803535067527,6.111836747386142,0.6737487898661386,0.009795909354916258,67.091493990738,0.01001819471400747,1.5,11600
4.83522679175441e-09,0.0008180288274996818,5.266194696300788,0.8219578964074666,0.008502283405052673,68.26792390376899,0.011502730550172594,1.5,11600
4.824261134252201e-09,0.0011820792219555216,2.796042858573906,0.6579113826248153,0.009152662955700065,74.06343574465659,0.009452933275440716,1.5,11600
5.310510191321914e-09,0.0020748909578658845,6.586629351083494,0.8483529797627094,0.006011650131272509,77.28764005972127,0.010065773953911446,1.5,11600
3.139920477352644e-09,0.001476824479962688,4.676138110450997,0.80844569230657,0.005875014512674106,66.11074616279656,0.008287558582283161,1.5,11600
9.032305137502654e-09,0.00253699876079612,6.6276133824194625,0.9852476224074234,0.0077521106305011335,65.33895685654181,0.009743797355203044,1.5,11600
8.415593288115723e-09,0.00169977527271341,5.946622679688564,0.9411852411057964,0.006297062434611433,70.95087772488927,0.010804532285472516,1.5,11600
8.358121153175969e-09,0.001053350930369049,3.896562764682797,0.7007623143758249,0.007286275451026176,59.8871895525458,0.013938534045233559,1.5,11600
2.482865379564965e-09,0.00151372643404677,5.937203607252097,0.7693632873112919,0.007070012364003302,62.08052767846099,0.011278408925100089,1.5,11600
2.1120745014810056e-09,0.0024128431940250734,3.717702520685329,0.8596177945614424,0.0041781130731294806,63.619955261859396,0.010207325494578423,1.5,11600
6.16935730442378e-09,0.0017928655471024266,5.077460731246231,0.6446977862343876,0.008517846643178935,55.93432441416587,0.01050834467763189,1.5,11600
7.0325564994856095e-09,0.001019974496095085,2.7246245599010184,0.854159328538341,0.005583229190564092,53.54012051343795,0.007645411865393682,1.5,11600
2.2849942538380334e-09,0.0011784152433656214,6.006559100466961,0.9441378674168502,0.0047810928849924515,77.73621528148874,0.012100829657773869,1.5,11600
4.534467829858757e-09,0.0007365131900766069,3.9422084829611603,0.8939501517765982,0.0075865554953276565,65.48545598514258,0.009963263741590437,1.5,11600
7.713764208742574e-09,0.0018901907489065357,3.9887364215914705,0.8599203877588216,0.010643909184588338,70.86025324495624,0.010703356201543364,1.5,11600
5.704464252341432e-09,0.0008611602914550816,3.990764570015079,0.9044034665296066,0.006308895527899289,72.67256198083018,0.015027686275739072,1.5,11600
6.155832138834853e-09,0.0016313328711591042,3.477853942601243,0.7252700613849591,0.005570646665751765,57.6800818683114,0.012347791356270206,1.5,11600
2.669363905451921e-09,0.0008581159192675798,3.4724210513273808,0.7776701746011466,0.009452361670396623,68.43534733472835,0.013291222719154911,1.5,11600
4.853275725650257e-09,0.0021084332584261492,4.946968131956352,0.8867163206609633,0.009490842491505355,77.31185648015631,0.008981838789343702,1.5,11600
3.306734909684571e-09,0.0018397192976076114,4.729735193344235,0.8318336139638579,0.00825552069068104,70.93175177686571,0.012912557617975183,1.5,11600
1.0324727862933372e-09,0.001120019959300531,6.978076010678223,0.8990157774344947,0.006989554736168673,62.120157535937786,0.013662408900925307,1.5,11600
1.0264468493368068e-09,0.0008415831583429707,2.699981377343855,0.9755334680154815,0.004869688565276934,52.18211927482909,0.010363884956565136,1.5,11600
4.552294850008389e-09,0.0015197871067791251,3.480759243771246,0.7310811658059073,0.0052473195038929155,64.30004906571196,0.01041922329032395,1.5,11600
2.5200424306155425e-09,0.001636172215919062,5.118940649535016,0.9675804329769433,0.008116979972395761,60.44900403904371,0.012603673508614924,1.5,11600
5.545661262670734e-09,0.0015438101077766694,4.7228508736931305,0.8060743485583813,0.008538922523954644,51.32049529229404,0.009882344082003646,1.5,11600
7.028745028350794e-10,0.0024792320425781633,2.837869864287298,0.9200265070444588,0.006627559784477054,69.63933822216066,0.01072187137343946,1.5,11600
3.633420548816487e-10,0.0008343948538506545,5.694948930752429,0.9302281234923507,0.008299898914260953,62.510278368160186,0.012201396291194651,1.5,11600
9.318235379516801e-09,0.0018121672226107015,5.0503620193279595,0.7669640674591829,0.006323466575876546,70.15681185391918,0.014650155162064698,1.5,11600
6.7763362155695924e-09,0.0027133303615769913,5.759493554290783,0.7553289713715547,0.0062440952121809,72.1199817936432,0.014623842955921736,1.5,11600
4.4413927332164625e-09,0.0022763625991058757,6.243194334448609,0.8074681440373976,0.00493799429192975,60.01439534107411,0.010312533270698901,1.5,11600
9.367373562712695e-09,0.001096583872808831,6.563338393331583,0.8018548642602291,0.008255945760629393,52.498676688379405,0.008195102221751297,1.5,11600
2.2204292816467293e-09,0.002814890021526332,5.510674976027059,0.7441868480930042,0.007589220791252419,72.86728768744807,0.008822576220318332,1.5,11600
5.570675768367349e-09,0.0022213865285756434,2.7176840583664945,0.719457387117376,0.005865597362179767,54.70043326774429,0.013804364737463402,1.5,11600
9.533114164416986e-09,0.0025280830268897244,6.961075170877827,0.9019624266005675,0.0071834637987745215,79.84401810201076,0.010593127875344222,1.5,11600
6.754205202306316e-09,0.0023187048348151888,4.174997225724624,0.9455293168427806,0.00458631870828743,68.51342559392633,0.00928493392318292,1.5,11600
5.875880101725498e-09,0.0010583665580645035,4.136982638387304,0.8847767777520154,0.006600650927199569,53.757325696262136,0.013075825091516724,1.5,11600
5.1498528831053894e-09,0.0016922147503746288,6.21992229817399,0.7703280014523981,0.006788249686321301,75.63902224275577,0.014957472591139678,1.5,11600
8.434194567236572e-09,0.001956720583609501,3.188162317748669,0.8655683491854294,0.0024857201195063543,57.394214995986275,0.0016735277605530788,2.5,18700
6.365575138347725e-09,0.0023244828633283716,2.478332922260419,0.977065320926518,0.004699146422049032,23.292360606560226,0.0014605343290085247,2.5,18700
4.515278146304004e-09,0.000612476896479676,3.27267070698156,0.8025471605680053,0.004882702424006657,48.41367312547433,0.0027070564859541643,2.5,18700
7.027606907388863e-09,0.0016583676302960849,3.3201339732206856,0.537940005783754,0.004850154179717773,47.43547044413615,0.002883986460188295,2.5,18700
2.056131983125027e-09,0.0004501056010512743,2.677767059413863,0.9478366019916146,0.002144063298245764,45.41702498133744,0.0025065054385007713,2.5,18700
9.601901988587984e-09,0.00220940626985011,2.905169555201358,0.8286774672895297,0.003304168852227514,51.377149112600264,0.0024452775456643835,2.5,18700
7.59029507195482e-09,0.0022095701875736984,2.626332041967366,0.8255374064070037,0.005059015966111528,57.166748630384795,0.0015967147338950233,2.5,18700
7.494422188874134e-09,0.0021042180699731984,2.9883257810373114,0.8440785043736716,0.002572436991342811,57.00290848956323,0.0005320087613885038,2.5,18700
2.087967501647594e-09,0.0009815838781962597,3.113650900244554,0.9359653012633611,0.0032480801830840826,50.224694119519086,0.0016069194763708753,2.5,18700
2.799317665357931e-09,0.0017211887575080582,3.467365517267242,0.9648015991339081,0.002387245072002723,25.281850344864665,0.002059352763504455,2.5,18700
9.648479780218851e-09,0.001670256114394246,2.709675804754004,0.9362587804591364,0.003853332632066641,51.172674626612064,0.0013684470366170174,2.5,18700
8.557237920857757e-10,0.0012805085965434556,1.135827143585972,0.8979534325076035,0.0051123614840770685,47.7417479679441,0.0014664905679722658,2.5,18700
7.0887025221292495e-09,0.0008166502305654285,3.1008896363065155,0.9834131633071377,0.0008798916617785087,54.56785241371684,0.002051378015787089,2.5,18700
5.745028992565691e-09,0.0024699900965649566,2.8990142706596447,0.5923269628781583,0.002591708946003816,57.946814534705034,0.0005056443704977328,2.5,18700
5.887927336120649e-09,0.0020801753823921905,3.280421809965709,0.8432818632559244,0.000463174412541217,27.437799917072073,0.002211884329493218,2.5,18700
8.851790661092387e-10,0.0010976506813027173,3.4712626579232992,0.9486225239057273,0.0034942068845983595,51.91651146361335,0.0016691984352219889,2.5,18700
3.823839017003378e-09,0.0023350648714905377,0.6915867699482731,0.8605646386510324,0.0034979018316096742,22.326029250075635,0.0028042663198586215,2.5,18700
7.426168633633036e-09,0.002361526819217217,2.420552171857429,0.8306418680909909,0.004244289106755907,44.91680194629157,0.0010445194702532771,2.5,18700
9.35632748317373e-10,0.0015101294225467639,3.0758798062556547,0.8329545147124174,0.004297005965501748,45.658230396804676,0.0025677289449798782,2.5,18700
7.307218798391308e-09,0.0024358778728232468,1.1093483550996646,0.9793379711518795,0.002698055939695166,59.515050466849644,0.001267991043434365,2.5,18700
1.186580403254645e-09,0.0023819732410842475,1.148485169780515,0.8071280321260488,0.002189754319324215,54.31246253287817,0.001645490797540536,2.5,18700
1.0343573249354538e-09,0.0009478164025488629,2.5477663289621026,0.8724731857935666,0.002107792911557083,53.864394287102385,0.0014309102931988997,2.5,18700
8.937818266237613e-09,0.0017006402639618756,3.36680513181305,0.5588293614921509,0.0034143895316032123,48.246482555811255,0.002890125237769578,2.5,18700
9.028960829073777e-09,0.0017267805476367385,0.7436625034070311,0.5343148485664494,0.0009008097451058013,45.68558819422241,0.00278340441165908,2.5,18700
8.09100999026698e-09,0.001710612894495074,3.2950210126806945,0.9580010923724098,0.0052111306405049455,46.815032719629,0.001354255900417947,2.5,18700
9.50480085112008e-09,0.0028158061424750592,3.4452745438024013,0.9392605330156697,0.00287362799536095,23.870639349930443,0.0011154175093002407,2.5,18700
2.934444013878877e-09,0.0020543542876116207,0.7480313573977746,0.534262084740877,0.003258065712063252,25.819690594308838,0.0017055585845163095,2.5,18700
9.34516977163909e-09,0.00045852709520878814,0.9957847093055431,0.8067653307365259,0.004842951213183537,44.474139475738475,0.002004538396965716,2.5,18700
2.7426217088451448e-09,0.0010702207720166648,1.1496236118916767,0.9480171724110396,0.0015491151854726657,54.643420489502404,0.001544974996567534,2.5,18700
6.733629465127524e-09,0.0015063611982673879,2.431668787154326,0.7952642876134306,0.003767126156904044,58.10775687189903,0.0018485878551439544,2.5,18700
3.524531222779772e-09,0.0018614610596103362,1.0073550424877573,0.7965997470028873,0.00314359308461945,55.87269793834455,0.0023167520806010923,2.5,18700
3.838759480907765e-09,0.0009967469572507502,3.3584499977817233,0.9412565130375018,0.003509564703255453,23.352274792055486,0.002422959918043567,2.5,18700
1.532597879868863e-09,0.0022770957281009144,2.971165309009921,0.9826266778134868,0.0012747722578590772,59.52765449664473,0.001670973579099754,2.5,18700
5.749539418903444e-09,0.002838038248325193,3.3034629272904388,0.971733006018812,0.004589700501572085,53.406509160063514,0.0003723891178641004,2.5,18700
7.719030174977356e-09,0.0014500694551247324,0.9987311697166197,0.8615606503883454,0.002270579526074608,25.166835346276944,0.0016894377624905293,2.5,18700
5.081543524476904e-09,0.0007886954652128661,3.186254387582502,0.8341848614305896,0.004026432873385623,56.39475908695605,0.0012415323124725483,2.5,18700
6.757669312914702e-09,0.0024235036542746597,3.0425279442812387,0.569989079641884,0.004347438463194889,52.939558995026,0.0026120054110444057,2.5,18700
4.987715820126076e-09,0.001690090372571509,2.629990490713808,0.8176252970662725,0.004513019821083782,52.50829894329535,0.0014220120187626315,2.5,18700
1.5432472035197357e-10,0.0011558722574578932,2.769512171543972,0.9538142998076026,0.0003716979274257251,25.657536318851093,0.0033780627763461686,2.5,18700
7.421099617359559e-09,0.0012717329725200459,0.8827722235878718,0.5802543699967174,0.0037349257531930306,56.28804823233504,0.0007336011399387505,2.5,18700
1.4158937167740518e-09,0.0010804147370769826,3.3022673159776583,0.5569246722579263,0.0033264432475299775,52.83050231977365,6.897375365583994e-05,2.5,18700
2.639874058054521e-09,0.0025747144817293197,0.8162963619604153,0.8894910833755056,0.0038964165131089683,45.42911747257687,0.0015528040977557736,2.5,18700
5.367331583113244e-09,0.0026389965968018634,2.9215327599009253,0.9886588338609967,0.004515558641620419,48.60895379807057,0.0015535245033876485,2.5,18700
6.754232746333429e-09,0.002018607121291228,2.7433510822483593,0.975479127136709,0.000856551497419487,48.1937329544949,0.0009935555495508073,2.5,18700
2.4135999594371055e-09,0.0027566656222313174,2.495594631489914,0.8079608373469801,0.006539639769774567,62.556987853999786,0.001212239411758046,2.5,18700
4.2975921669856e-09,0.0019209076873712202,1.5685083854836996,0.8399902419328162,0.007977302869732123,79.9239993411072,0.002272351686810956,2.5,18700
8.245769545519235e-09,0.0036631910645557033,1.507052976760838,0.6474221519544664,0.004232261792153568,85.45128519502084,0.000929030561082064,2.5,18700
7.542546956782592e-09,0.0014944432301146101,2.808126376786423,0.9126059170260479,0.00552851224012401,60.152594781236814,0.0021187085797851994,2.5,18700
9.637198456269331e-09,0.004092483246972888,2.0601428426518313,0.9245891737249305,0.007411833150676736,56.813921731833624,0.002708568810350097,2.5,18700
3.77172877741264e-09,0.003887382786093959,2.2871610407653833,0.9767724600269829,0.007983128372831584,45.04033136195309,0.0021119465052396604,2.5,18700
8.825374875481503e-09,0.0017682738194752655,2.5675707709954216,0.9918603471772374,0.003693440670684375,39.197372935985825,0.0026622649652315446,2.5,18700
2.9328826465761302e-09,0.004427467387419219,2.0410242144827424,0.8421070961976931,0.0032944809859160387,48.64655155606365,0.0024316745353475905,2.5,18700
6.963719000630486e-09,0.0026231729991452154,2.887850406463431,0.6458043827596901,0.0024543295954267165,66.81980783592991,0.0024232407297880834,2.5,18700
7.8284460230607e-09,0.0022794137174551596,2.0547619827326264,0.9272271503258015,0.005131770170819568,85.58331939823357,0.0014466150597100054,2.5,18700
4.520778454808155e-09,0.0016073287058053708,3.3386263124551974,0.6075991456342643,0.00400530766512273,66.78714236828584,0.0036546278794710664,2.5,18700
